{
    "hidden1_knobs": [
        2.8155390145350547,
        -5.466945729672277,
        7.963408115937165,
        2.349358965565401,
        -3.6044996674698733,
        -2.141375723959174,
        4.24528150852072,
        -0.18607273904987354,
        -8.298575999281464,
        -2.713696591594428,
        -3.459167828034658,
        -3.3176286084578197,
        5.118212852816946,
        3.6371013604727014,
        1.1184387869544392,
        1.750655042000808,
        -10.16838407681064,
        -0.639478935304445,
        1.1266405959662986,
        -1.4717308597616332,
        0.6423031716862657,
        -6.842212267463989,
        10.378605596765212,
        7.690113162150986
    ],
    "hidden2_knobs": [
        0.47661030157343,
        -2.774035284463298,
        -1.911334821440734,
        4.644648210022368,
        -5.342581209936052,
        -3.0675581399581957,
        3.608029370864684,
        0.5995214775770742,
        -0.8270787755917988,
        -0.5371077189019882,
        0.8960738865669822,
        -3.5205073193047505,
        3.0761728519691327,
        1.9688796472591839,
        3.714815665114359,
        4.0532914956956585,
        -0.48768584096300915,
        -8.144344589239823,
        1.7406615057456456,
        -1.3372597440086653,
        -0.6004379042818458,
        -2.7648922023168727,
        -8.922007648503374,
        2.3748411460796635,
        -1.4716529513700933,
        1.7444713505468739,
        2.9702161016725133,
        0.9598683364727638,
        -4.077040943345424,
        3.066123766467613,
        -1.4381963010503753,
        4.776313567681737,
        4.695392030676105,
        1.5011049474353924,
        -0.25245749965030895,
        -5.570189004548688,
        -2.1288022544764473,
        0.780078285550683,
        2.3325669346335887,
        4.544737680522424,
        2.487454921605235,
        1.529004985428549
    ],
    "action_knobs": [
        -6.253796451395554,
        0.7096898368452904,
        0.021933790877363413,
        -0.5935700244566419,
        -1.1400906425447728,
        4.248215668937289,
        -0.8412044690402427,
        -2.1736608684013796,
        -1.1892339938354128,
        4.071604346548298,
        6.129635888658849,
        5.505011842395149,
        3.730253083017195,
        3.8453780059179756,
        3.0679038333503166,
        2.5156257797291657,
        5.397949157585232,
        0.41477066952347774,
        -10.787264395499529,
        -5.15437820389984,
        3.0747692897833194,
        6.396165873912187,
        -1.830584442891793,
        -1.7684109029642174,
        2.7968095791326637,
        -2.2979438314802727,
        -8.048369093361819,
        1.956864968310486,
        -3.727749060452409,
        -2.8482673249593016,
        -0.5088308229750896,
        -1.8040248858915975,
        3.166173517472692,
        0.40807587934758,
        -0.8338339565916397,
        -8.777781418716595,
        -3.633037230426023,
        4.4118262760681,
        -3.2673540723038963,
        -4.959755120387688,
        -2.1345612305808737,
        1.2633063250393588,
        -6.127319552324974,
        2.597236626640302,
        -1.368485280174967,
        1.893898618417499,
        1.0627242284936347,
        7.007199223618649,
        0.9746822221245578,
        -5.052662911301729,
        -1.953219693078473,
        0.90880250906681,
        5.822884728067207,
        5.178281451608727,
        2.8056512584049145,
        -0.21697860361233465,
        0.14689207688645373,
        -8.252761836778268,
        0.940800397314191,
        3.5381888553848193,
        -9.799449653211912,
        1.592870907028983,
        -4.881870678880864
    ]
}