{
    "hidden_knobs": [
        5.076960447622919,
        2.953878163834235,
        -5.173130361109504,
        -6.42081596876037,
        3.1303113967896907,
        2.484589467613329,
        1.2815137287218747,
        -6.165842777337969,
        1.0895703976239852,
        -2.54549736848258,
        -7.135035019785322,
        -2.0569149867610648,
        6.822887176135096,
        -0.5770910161322391,
        1.8239965825298665,
        -0.3091091173855526,
        4.942933237346901,
        2.5652642204301594,
        -1.655296305245962,
        -2.7043801902326265,
        -3.0314229726264426,
        -6.203387045932375,
        -5.382227952470517,
        1.454071749808328
    ],
    "action_knobs": [
        2.809871082362506,
        -0.10809394764426089,
        -1.9785022630053006,
        -4.7053338277277295,
        3.212252429150856,
        4.334118362797493,
        -8.823599884150575,
        1.4226879851845087,
        -1.925236390922465,
        -6.575461928882801,
        -0.07127224205224972,
        -3.17839190700725,
        0.01254422160995613,
        -1.2870830395455792,
        -6.258450784463695,
        -3.1541846154289184,
        -2.959688727793435,
        -5.640068811063086,
        -2.7673486169044588,
        -2.4045236939748227,
        5.471279785680326,
        3.6634720711035897,
        0.13928593369428502,
        -3.484124977512353,
        5.598598502193861,
        -1.214802767860692,
        -0.8111326690883569,
        -2.79495895506875,
        -2.128931745780286,
        -2.1543775310423428,
        1.4473305244806174,
        0.5931358779715583,
        -8.854484027336285,
        -2.7716746760213162,
        1.1578553519325618,
        -0.7638696413274733,
        2.1251253380695854,
        0.4197070961658,
        5.22038356454978,
        -5.156791675795932,
        -3.890361420005763,
        -0.008095169179225169,
        -1.5133617686241598,
        -6.427821446657551,
        2.174279226968088,
        5.443783849330586,
        8.918013279928793,
        0.30581197200505517,
        3.34959833511208,
        2.337860796632708,
        0.53690235871281,
        -0.4330635964230606,
        -1.6684612860354613,
        0.4564043592216555,
        1.4999678704406367,
        0.7883152277128057,
        0.11733614683035486,
        8.746606187826965,
        1.629280626977536,
        1.1234184207605111,
        -1.4978980742598131,
        6.481501097755159,
        -1.9675886519689598
    ]
}